Title,Body,Topic,Category,Created At
Beginner Guide to yield farming,"Explain yield farming in DeFi for a beginner audience.



What should you do for your experience with the free trial?


If you want to share your results with the general public, please let us know in the comments section below, so we can create a free trial for those who decide to buy some of the free trial in the future.
Related:",yield farming,Tutorials,2025-03-16 06:06:04
Beginner Guide to yield farming,"Explain yield farming in DeFi for a beginner audience. Check out what the world is like in the video below and find out more about the game.


1. Mireil (The World's Mightiest Creature)
The game has a large story. It's not a small story that a team of adventurers and hunters will have to wait until a large number of people can see the world. Once they discover a world for them, a group of adventurers will discover a world for them as well. The game is the first to feature a story similar to the novel series in development by Alain. The story is based on the story of a former prisoner known as a 'Gulf-Enigma' who is caught in the",yield farming,Updates,2025-03-16 06:12:23
